tecnica;tamano;colores;tramo_min_uds;codigo_factusol;descripcion_articulo;precio_ud_sin_iva_tarifa1
DTF;10x10;;1;DTF10_1;DTF 10x10 cm 1-4 uds;5.30
DTF;10x10;;5;DTF10_5;DTF 10x10 cm 5-9 uds;4.75
DTF;10x10;;10;DTF10_10;DTF 10x10 cm 10-24 uds;4.15
DTF;10x10;;25;DTF10_25;DTF 10x10 cm 25-49 uds;2.20
DTF;10x10;;50;DTF10_50;DTF 10x10 cm 50-99 uds;1.50
DTF;10x10;;100;DTF10_100;DTF 10x10 cm 100-249 uds;1.15
DTF;10x10;;250;DTF10_250;DTF 10x10 cm 250-499 uds;0.95
DTF;10x10;;500;DTF10_500;DTF 10x10 cm 500+ uds;0.85
DTF;22x22;;1;DTF22_1;DTF 22x22 cm 1-4 uds;6.25
DTF;22x22;;5;DTF22_5;DTF 22x22 cm 5-9 uds;5.70
DTF;22x22;;10;DTF22_10;DTF 22x22 cm 10-24 uds;5.10
DTF;22x22;;25;DTF22_25;DTF 22x22 cm 25-49 uds;3.10
DTF;22x22;;50;DTF22_50;DTF 22x22 cm 50-99 uds;2.40
DTF;22x22;;100;DTF22_100;DTF 22x22 cm 100-249 uds;2.05
DTF;22x22;;250;DTF22_250;DTF 22x22 cm 250-499 uds;1.80
DTF;22x22;;500;DTF22_500;DTF 22x22 cm 500+ uds;1.70
DTF;23x23;;1;DTF23_1;DTF 23x23 cm 1-4 uds;6.25
DTF;23x23;;5;DTF23_5;DTF 23x23 cm 5-9 uds;5.70
DTF;23x23;;10;DTF23_10;DTF 23x23 cm 10-24 uds;5.10
DTF;23x23;;25;DTF23_25;DTF 23x23 cm 25-49 uds;3.10
DTF;23x23;;50;DTF23_50;DTF 23x23 cm 50-99 uds;2.40
DTF;23x23;;100;DTF23_100;DTF 23x23 cm 100-249 uds;2.05
DTF;23x23;;250;DTF23_250;DTF 23x23 cm 250-499 uds;1.80
DTF;23x23;;500;DTF23_500;DTF 23x23 cm 500+ uds;1.70
DTF;28x28;;1;DTF28_1;DTF 28x28 cm 1-4 uds;6.95
DTF;28x28;;5;DTF28_5;DTF 28x28 cm 5-9 uds;6.40
DTF;28x28;;10;DTF28_10;DTF 28x28 cm 10-24 uds;5.90
DTF;28x28;;25;DTF28_25;DTF 28x28 cm 25-49 uds;3.85
DTF;28x28;;50;DTF28_50;DTF 28x28 cm 50-99 uds;3.15
DTF;28x28;;100;DTF28_100;DTF 28x28 cm 100-249 uds;2.80
DTF;28x28;;250;DTF28_250;DTF 28x28 cm 250-499 uds;2.55
DTF;28x28;;500;DTF28_500;DTF 28x28 cm 500+ uds;2.40
DTF;30x30;;1;DTF30_1;DTF 30x30 cm 1-4 uds;6.95
DTF;30x30;;5;DTF30_5;DTF 30x30 cm 5-9 uds;6.40
DTF;30x30;;10;DTF30_10;DTF 30x30 cm 10-24 uds;5.90
DTF;30x30;;25;DTF30_25;DTF 30x30 cm 25-49 uds;3.85
DTF;30x30;;50;DTF30_50;DTF 30x30 cm 50-99 uds;3.15
DTF;30x30;;100;DTF30_100;DTF 30x30 cm 100-249 uds;2.80
DTF;30x30;;250;DTF30_250;DTF 30x30 cm 250-499 uds;2.55
DTF;30x30;;500;DTF30_500;DTF 30x30 cm 500+ uds;2.40
Vinilo;10x10;;1;VIN10_1;Vinilo 10x10 cm 1-4 uds;4.85
Vinilo;10x10;;5;VIN10_5;Vinilo 10x10 cm 5-9 uds;1.80
Vinilo;10x10;;10;VIN10_10;Vinilo 10x10 cm 10-24 uds;1.50
Vinilo;10x10;;25;VIN10_25;Vinilo 10x10 cm 25-49 uds;1.45
Vinilo;10x10;;50;VIN10_50;Vinilo 10x10 cm 50-99 uds;1.40
Vinilo;10x10;;100;VIN10_100;Vinilo 10x10 cm 100-249 uds;1.10
Vinilo;10x10;;250;VIN10_250;Vinilo 10x10 cm 250-499 uds;1.05
Vinilo;10x10;;500;VIN10_500;Vinilo 10x10 cm 500+ uds;1.05
Vinilo;22x22;;1;VIN22_1;Vinilo 22x22 cm 1-4 uds;7.00
Vinilo;22x22;;5;VIN22_5;Vinilo 22x22 cm 5-9 uds;3.95
Vinilo;22x22;;10;VIN22_10;Vinilo 22x22 cm 10-24 uds;3.55
Vinilo;22x22;;25;VIN22_25;Vinilo 22x22 cm 25-49 uds;3.40
Vinilo;22x22;;50;VIN22_50;Vinilo 22x22 cm 50-99 uds;3.25
Vinilo;22x22;;100;VIN22_100;Vinilo 22x22 cm 100-249 uds;3.20
Vinilo;22x22;;250;VIN22_250;Vinilo 22x22 cm 250-499 uds;3.20
Vinilo;22x22;;500;VIN22_500;Vinilo 22x22 cm 500+ uds;3.20
Vinilo;23x23;;1;VIN23_1;Vinilo 23x23 cm 1-4 uds;7.00
Vinilo;23x23;;5;VIN23_5;Vinilo 23x23 cm 5-9 uds;3.95
Vinilo;23x23;;10;VIN23_10;Vinilo 23x23 cm 10-24 uds;3.55
Vinilo;23x23;;25;VIN23_25;Vinilo 23x23 cm 25-49 uds;3.40
Vinilo;23x23;;50;VIN23_50;Vinilo 23x23 cm 50-99 uds;3.25
Vinilo;23x23;;100;VIN23_100;Vinilo 23x23 cm 100-249 uds;3.20
Vinilo;23x23;;250;VIN23_250;Vinilo 23x23 cm 250-499 uds;3.20
Vinilo;23x23;;500;VIN23_500;Vinilo 23x23 cm 500+ uds;3.20
Vinilo;28x28;;1;VIN28_1;Vinilo 28x28 cm 1-4 uds;8.25
Vinilo;28x28;;5;VIN28_5;Vinilo 28x28 cm 5-9 uds;5.30
Vinilo;28x28;;10;VIN28_10;Vinilo 28x28 cm 10-24 uds;5.10
Vinilo;28x28;;25;VIN28_25;Vinilo 28x28 cm 25-49 uds;5.00
Vinilo;28x28;;50;VIN28_50;Vinilo 28x28 cm 50-99 uds;4.80
Vinilo;28x28;;100;VIN28_100;Vinilo 28x28 cm 100-249 uds;4.50
Vinilo;28x28;;250;VIN28_250;Vinilo 28x28 cm 250-499 uds;4.50
Vinilo;28x28;;500;VIN28_500;Vinilo 28x28 cm 500+ uds;4.50
Vinilo;30x30;;1;VIN30_1;Vinilo 30x30 cm 1-4 uds;8.25
Vinilo;30x30;;5;VIN30_5;Vinilo 30x30 cm 5-9 uds;5.30
Vinilo;30x30;;10;VIN30_10;Vinilo 30x30 cm 10-24 uds;5.10
Vinilo;30x30;;25;VIN30_25;Vinilo 30x30 cm 25-49 uds;5.00
Vinilo;30x30;;50;VIN30_50;Vinilo 30x30 cm 50-99 uds;4.80
Vinilo;30x30;;100;VIN30_100;Vinilo 30x30 cm 100-249 uds;4.50
Vinilo;30x30;;250;VIN30_250;Vinilo 30x30 cm 250-499 uds;4.50
Vinilo;30x30;;500;VIN30_500;Vinilo 30x30 cm 500+ uds;4.50
Sublimacion;10x10;;1;SUB10_1;Sublimación 10x10 cm 1-4 uds;8.80
Sublimacion;10x10;;5;SUB10_5;Sublimación 10x10 cm 5-9 uds;5.90
Sublimacion;10x10;;10;SUB10_10;Sublimación 10x10 cm 10-24 uds;2.30
Sublimacion;10x10;;25;SUB10_25;Sublimación 10x10 cm 25-49 uds;1.85
Sublimacion;10x10;;50;SUB10_50;Sublimación 10x10 cm 50-99 uds;1.20
Sublimacion;10x10;;100;SUB10_100;Sublimación 10x10 cm 100-249 uds;1.20
Sublimacion;10x10;;250;SUB10_250;Sublimación 10x10 cm 250-499 uds;1.15
Sublimacion;10x10;;500;SUB10_500;Sublimación 10x10 cm 500+ uds;1.15
Sublimacion;22x22;;1;SUB22_1;Sublimación 22x22 cm 1-4 uds;9.80
Sublimacion;22x22;;5;SUB22_5;Sublimación 22x22 cm 5-9 uds;6.60
Sublimacion;22x22;;10;SUB22_10;Sublimación 22x22 cm 10-24 uds;2.65
Sublimacion;22x22;;25;SUB22_25;Sublimación 22x22 cm 25-49 uds;2.40
Sublimacion;22x22;;50;SUB22_50;Sublimación 22x22 cm 50-99 uds;2.35
Sublimacion;22x22;;100;SUB22_100;Sublimación 22x22 cm 100-249 uds;2.35
Sublimacion;22x22;;250;SUB22_250;Sublimación 22x22 cm 250-499 uds;2.30
Sublimacion;22x22;;500;SUB22_500;Sublimación 22x22 cm 500+ uds;2.30
Sublimacion;23x23;;1;SUB23_1;Sublimación 23x23 cm 1-4 uds;9.80
Sublimacion;23x23;;5;SUB23_5;Sublimación 23x23 cm 5-9 uds;6.60
Sublimacion;23x23;;10;SUB23_10;Sublimación 23x23 cm 10-24 uds;2.65
Sublimacion;23x23;;25;SUB23_25;Sublimación 23x23 cm 25-49 uds;2.40
Sublimacion;23x23;;50;SUB23_50;Sublimación 23x23 cm 50-99 uds;2.35
Sublimacion;23x23;;100;SUB23_100;Sublimación 23x23 cm 100-249 uds;2.35
Sublimacion;23x23;;250;SUB23_250;Sublimación 23x23 cm 250-499 uds;2.30
Sublimacion;23x23;;500;SUB23_500;Sublimación 23x23 cm 500+ uds;2.30
Sublimacion;28x28;;1;SUB28_1;Sublimación 28x28 cm 1-4 uds;11.25
Sublimacion;28x28;;5;SUB28_5;Sublimación 28x28 cm 5-9 uds;7.55
Sublimacion;28x28;;10;SUB28_10;Sublimación 28x28 cm 10-24 uds;3.75
Sublimacion;28x28;;25;SUB28_25;Sublimación 28x28 cm 25-49 uds;3.55
Sublimacion;28x28;;50;SUB28_50;Sublimación 28x28 cm 50-99 uds;3.50
Sublimacion;28x28;;100;SUB28_100;Sublimación 28x28 cm 100-249 uds;3.45
Sublimacion;28x28;;250;SUB28_250;Sublimación 28x28 cm 250-499 uds;3.45
Sublimacion;28x28;;500;SUB28_500;Sublimación 28x28 cm 500+ uds;3.45
Sublimacion;30x30;;1;SUB30_1;Sublimación 30x30 cm 1-4 uds;11.25
Sublimacion;30x30;;5;SUB30_5;Sublimación 30x30 cm 5-9 uds;7.55
Sublimacion;30x30;;10;SUB30_10;Sublimación 30x30 cm 10-24 uds;3.75
Sublimacion;30x30;;25;SUB30_25;Sublimación 30x30 cm 25-49 uds;3.55
Sublimacion;30x30;;50;SUB30_50;Sublimación 30x30 cm 50-99 uds;3.50
Sublimacion;30x30;;100;SUB30_100;Sublimación 30x30 cm 100-249 uds;3.45
Sublimacion;30x30;;250;SUB30_250;Sublimación 30x30 cm 250-499 uds;3.45
Sublimacion;30x30;;500;SUB30_500;Sublimación 30x30 cm 500+ uds;3.45
Serigrafia;;1;10;SERC1_10;Serigrafía 1 color 10-24 uds;4.50
Serigrafia;;1;25;SERC1_25;Serigrafía 1 color 25-49 uds;2.10
Serigrafia;;1;50;SERC1_50;Serigrafía 1 color 50-99 uds;1.50
Serigrafia;;1;100;SERC1_100;Serigrafía 1 color 100-249 uds;0.95
Serigrafia;;1;250;SERC1_250;Serigrafía 1 color 250-499 uds;0.60
Serigrafia;;1;500;SERC1_500;Serigrafía 1 color 500+ uds;0.50
Serigrafia;;2;10;SERC2_10;Serigrafía 2 colores 10-24 uds;7.20
Serigrafia;;2;25;SERC2_25;Serigrafía 2 colores 25-49 uds;3.40
Serigrafia;;2;50;SERC2_50;Serigrafía 2 colores 50-99 uds;2.40
Serigrafia;;2;100;SERC2_100;Serigrafía 2 colores 100-249 uds;1.50
Serigrafia;;2;250;SERC2_250;Serigrafía 2 colores 250-499 uds;0.95
Serigrafia;;2;500;SERC2_500;Serigrafía 2 colores 500+ uds;0.75
Serigrafia;;3;10;SERC3_10;Serigrafía 3 colores 10-24 uds;9.70
Serigrafia;;3;25;SERC3_25;Serigrafía 3 colores 25-49 uds;4.55
Serigrafia;;3;50;SERC3_50;Serigrafía 3 colores 50-99 uds;3.25
Serigrafia;;3;100;SERC3_100;Serigrafía 3 colores 100-249 uds;2.00
Serigrafia;;3;250;SERC3_250;Serigrafía 3 colores 250-499 uds;1.25
Serigrafia;;3;500;SERC3_500;Serigrafía 3 colores 500+ uds;1.00
